Ligand 1,Ligand 2,ddG (kcal/mol)
2,8,-1.9184503555297852
7,2,1.3966712951660156
7,9 flip,0.7537002563476562
11,7,2.4402236938476562
7,8 flip,-0.5217790603637695
9 flip,8,-1.2754793167114258
9,8,-1.2754793167114258
8 flip,8,0.0
9,9 flip,0.0
11,9 flip,3.1939239501953125
9 flip,10,-2.539154052734375
11,10,0.6547698974609375
