Ligand 1,Ligand 2,ddG (kcal/mol)
12,20,-0.4501924514770508
12,19,-0.39186859130859375
13,14,0.1656503677368164
19,13,-0.9723787307739258
13,15,1.4770288467407227
17,14,-0.6362810134887695
20,14,-0.7484045028686523
22,14,0.2585763931274414
15,14,-1.3113784790039062
16,14,-0.39604949951171875
16,15,0.9153289794921875
22,16,0.6546258926391602
17,21,0.5329303741455078
21,19,-0.36248302459716797
21,20,-0.420806884765625
22,20,1.0069808959960938
