Ligand name,Exp. dG (kcal/mol),Pred. dG (kcal/mol),Pred. dG std. error (kcal/mol)
19967,-10.534516334533691,-11.640000343322754,0.23000000417232513
17353_cys,-11.092443466186523,-11.390000343322754,0.23000000417232513
19971,-10.340457916259766,-8.9399995803833,0.23000000417232513
