Ligand name,Exp. dG (kcal/mol),Pred. dG (kcal/mol),Pred. dG std. error (kcal/mol)
20315,-10.94398307800293,-10.119999885559082,0.23000000417232513
19939_cys,-11.592971801757812,-11.979999542236328,0.23000000417232513
19940,-12.241960525512695,-12.680000305175781,0.23000000417232513
