Ligand name,Exp. dG (kcal/mol),Pred. dG (kcal/mol),Pred. dG std. error (kcal/mol)
19997,-10.774039268493652,-10.140000343322754,0.23000000417232513
19998,-8.94359302520752,-10.010000228881836,0.23000000417232513
19934_cys,-10.726755142211914,-10.300000190734863,0.23000000417232513
