Ligand name,Exp. dG (kcal/mol),Pred. dG (kcal/mol),Pred. dG std. error (kcal/mol)
17374_cys,-12.496438980102539,-12.4399995803833,0.2800000011920929
17509,-11.380305290222168,-11.430000305175781,0.2800000011920929
