Ligand name,Exp. dG (kcal/mol),Pred. dG (kcal/mol),Pred. dG std. error (kcal/mol)
23708_cys,-9.6899995803833,-10.5600004196167,0.36000001430511475
13,-6.420000076293945,-6.460000038146973,0.36000001430511475
15,-7.510000228881836,-6.599999904632568,0.36000001430511475
