Ligand name,Exp. dG (kcal/mol),Pred. dG (kcal/mol),Pred. dG std. error (kcal/mol)
23704_cys,-11.29120922088623,-10.960000038146973,0.28999999165534973
23873,-10.825439453125,-11.15999984741211,0.28999999165534973
