Ligand name,Exp. dG (kcal/mol),Pred. dG (kcal/mol),Pred. dG std. error (kcal/mol)
23882,-10.881742477416992,-10.3100004196167,0.20999999344348907
23703_cys,-11.092443466186523,-11.130000114440918,0.20999999344348907
23864,-11.423027992248535,-11.739999771118164,0.20000000298023224
23863,-11.183505058288574,-11.40999984741211,0.20999999344348907
