Ligand name,Exp. dG (kcal/mol),Pred. dG (kcal/mol),Pred. dG std. error (kcal/mol)
21083,-6.530872344970703,-7.340000152587891,0.1899999976158142
21084,-7.469595909118652,-8.770000457763672,0.1899999976158142
21085,-8.053603172302246,-6.789999961853027,0.1899999976158142
21086,-11.29120922088623,-11.569999694824219,0.1899999976158142
20524_2j95_cys,-11.423027992248535,-11.3100004196167,0.1899999976158142
21087,-11.832493782043457,-10.819999694824219,0.1899999976158142
