Ligand name,Exp. dG (kcal/mol),Pred. dG (kcal/mol),Pred. dG std. error (kcal/mol)
20814_6,-10.529999732971191,-10.890000343322754,0.23000000417232513
20539_10,-11.180000305175781,-10.699999809265137,0.23000000417232513
20820_11,-10.829999923706055,-11.289999961853027,0.23000000417232513
20819_8,-11.180000305175781,-10.829999923706055,0.2199999988079071
