Ligand name,Exp. dG (kcal/mol),Pred. dG (kcal/mol),Pred. dG std. error (kcal/mol)
20705_cys,-10.90999984741211,-11.25,0.2800000011920929
21331,-10.770000457763672,-10.430000305175781,0.2800000011920929
