Ligand name,Exp. dG (kcal/mol),Pred. dG (kcal/mol),Pred. dG std. error (kcal/mol)
22256_26_0_ligand,-6.960000038146973,-6.769999980926514,0.17000000178813934
22250_20_0_ligand,-8.109999656677246,-8.359999656677246,0.17000000178813934
22251_21_0_ligand,-9.40999984741211,-9.75,0.17000000178813934
19677_19_0_ligand,-9.829999923706055,-8.5,0.17000000178813934
22254_24_0_ligand,-9.470000267028809,-9.140000343322754,0.17000000178813934
22252_22_0_ligand,-10.010000228881836,-10.550000190734863,0.17000000178813934
22253_23_0_ligand,-8.75,-9.479999542236328,0.1599999964237213
