Ligand name,Exp. dG (kcal/mol),Pred. dG (kcal/mol),Pred. dG std. error (kcal/mol)
22316,-7.876320838928223,-8.029999732971191,0.27000001072883606
22320,-7.502553939819336,-6.860000133514404,0.2800000011920929
22319,-6.840160369873047,-7.050000190734863,0.2800000011920929
19678_cys,-8.607325553894043,-8.890000343322754,0.25999999046325684
