Ligand name,Exp. dG (kcal/mol),Pred. dG (kcal/mol),Pred. dG std. error (kcal/mol)
spiro16,-8.180000305175781,-8.279999732971191,0.17000000178813934
spiro5,-7.760000228881836,-7.090000152587891,0.1599999964237213
spiro2,-7.03000020980835,-6.670000076293945,0.1599999964237213
spiro10,-8.5,-10.609999656677246,0.1599999964237213
spiro3,-8.979999542236328,-8.970000267028809,0.1599999964237213
spiro6,-9.529999732971191,-9.5600004196167,0.15000000596046448
spiro4,-7.619999885559082,-7.210000038146973,0.17000000178813934
spiro1,-7.519999980926514,-7.420000076293945,0.1599999964237213
spiro15,-9.050000190734863,-8.359999656677246,0.1599999964237213
