Lig 1,Lig 2,Exp. ddG (kcal/mol),Bennett ddG (kcal/mol),Bennett std. error (kcal/mol),CCC ddG (kcal/mol),CCC std. error (kcal/mol)
1,4,3.7899999618530273,4.255230000000001,0.09297784943200181,4.300000190734863,0.09000000357627869
4,3,0.8500003814697266,0.7963999999999984,0.06394830140824696,0.8500000238418579,0.07999999821186066
1,3,4.640000343322754,5.1632,0.13346732877000275,5.150000095367432,0.12999999523162842
1,2,1.9800004959106445,2.5177000000000014,0.09704635577908116,2.4800000190734863,0.10000000149011612
3,2,-2.6599998474121094,-2.700505,0.0778169437847568,-2.6700000762939453,0.07999999821186066
