Lig 1,Lig 2,Exp. ddG (kcal/mol),Bennett ddG (kcal/mol),Bennett std. error (kcal/mol),CCC ddG (kcal/mol),CCC std. error (kcal/mol)
"10302 (1GJ7, no water pose)",7806 (no water pose),2.1708574295043945,2.0701300000000007,0.09408588540264688,2.0799999237060547,0.09000000357627869
"10302 (1GJ7, no water pose)",8696 (no water pose),1.0201826095581055,1.1728000000000005,0.05831600493861012,1.25,0.11999999731779099
"10302 (1GJ7, no water pose)",11417 (no water pose),0.2567462921142578,1.0695299999999994,0.04429864252999182,0.9900000095367432,0.11999999731779099
11417 (no water pose),7806 (no water pose),1.9141111373901367,1.1419999999999995,0.06437856560222509,1.090000033378601,0.11999999731779099
11417 (no water pose),8696 (no water pose),0.7634363174438477,0.29490100000000297,0.0527419950798223,0.25999999046325684,0.10999999940395355
7806 (no water pose),8696 (no water pose),-1.150674819946289,-0.7907299999999997,0.02813984267902008,-0.8299999833106995,0.11999999731779099
