Ligand 1,Ligand 2,ddG (kcal/mol)
6a,1d,0.9300003051757812
6a,1b,0.7200002670288086
6a,3b,1.320000171661377
3a,6b,-0.5700006484985352
3a,7a,0.09999942779541016
1d,1a,0.7699999809265137
1d,5,0.6700000762939453
1d,7a,0.029999732971191406
6e,1a,1.429999828338623
6e,1c,0.34999942779541016
6e,6b,0.01999950408935547
6b,3b,1.0300002098083496
1b,1a,0.9800000190734863
5,1c,-0.9800004959106445
