Ligand name,Exp. dG (kcal/mol),Pred. dG (kcal/mol),Pred. dG std. error (kcal/mol)
2,-7.687934875488281,-8.069999694824219,0.2800000011920929
7,-9.084606170654297,-8.229999542236328,0.25
8,-9.606385231018066,-8.289999961853027,0.23999999463558197
9 flip,-8.33090591430664,-8.9399995803833,0.23000000417232513
10,-10.870059967041016,-11.350000381469727,0.27000001072883606
11,-11.524829864501953,-12.210000038146973,0.27000001072883606
