Ligand name,Exp. dG (kcal/mol),Pred. dG (kcal/mol),Pred. dG std. error (kcal/mol)
"lig 2, deprot",-12.40999984741211,-12.640000343322754,0.38999998569488525
"lig 66, deprot",-12.289999961853027,-12.029999732971191,0.3700000047683716
"lig 68, deprot",-12.109999656677246,-11.40999984741211,0.4099999964237213
lig 51 stereo,-11.399999618530273,-11.989999771118164,0.38999998569488525
lig 49 stereo,-11.600000381469727,-11.75,0.3700000047683716
