Ligand name,Exp. dG (kcal/mol),Pred. dG (kcal/mol),Pred. dG std. error (kcal/mol)
61a,-12.0,-12.100000381469727,0.28999999165534973
25e,-11.300000190734863,-10.550000190734863,0.28999999165534973
11,-8.199999809265137,-8.850000381469727,0.28999999165534973
