Ligand 1,Ligand 2,ddG (kcal/mol)
1,4,3.790000000000001
4,3,0.8499999999999996
1,3,4.640000000000001
1,2,1.9800000000000004
3,2,-2.66
