Ligand 1,Ligand 2,ddG (kcal/mol)
3d,6d,-0.21257899999999985
3d,4d,-6.150131
3d,7d,-6.0582509999999985
8d,2d,-2.8533500000000007
8d,4d,-4.715000000000002
8d,5d,-2.62509
2d,4d,-1.861650000000001
2d,5d,0.22826000000000057
4d,7d,0.09188000000000152
5d,7d,-1.99803
5d,6d,3.8476419999999987
6d,7d,-5.845671999999999
