Lig 1,Lig 2,Exp. ddG (kcal/mol),Bennett ddG (kcal/mol),Bennett std. error (kcal/mol),CCC ddG (kcal/mol),CCC std. error (kcal/mol)
31,7,0.6400003433227539,1.6182975769042969,0.07344966255404335,1.6200000047683716,0.07000000029802322
31,6,0.5200004577636719,0.9188899993896484,0.04812373619424548,0.9200000166893005,0.05000000074505806
7,6,-0.11999988555908203,-0.69329833984375,0.0851718027154228,-0.699999988079071,0.09000000357627869
