Lig 1,Lig 2,Exp. ddG (kcal/mol),Bennett ddG (kcal/mol),Bennett std. error (kcal/mol),CCC ddG (kcal/mol),CCC std. error (kcal/mol)
17,1,0.015999794006347656,-1.0054006576538086,0.08052222839304816,-0.9100000262260437,0.2199999988079071
17,20,0.5079994201660156,-0.7649002075195312,0.07518782214204911,-0.6899999976158142,0.1899999976158142
17,19,1.167999267578125,0.21649932861328125,0.05548470260185334,0.03999999910593033,0.2199999988079071
17,21,0.5739994049072266,0.28600120544433594,0.05599658985365787,0.28999999165534973,0.14000000059604645
1,20,0.49199962615966797,0.24499988555908203,0.036361258755578524,0.2199999988079071,0.1899999976158142
1,19,1.1519994735717773,0.8386993408203125,0.07466698272366314,0.949999988079071,0.2199999988079071
21,20,-0.06599998474121094,-0.9327001571655273,0.06671175732277729,-0.9800000190734863,0.18000000715255737
21,19,0.5939998626708984,-0.31286048889160156,0.08697232661293988,-0.25,0.18000000715255737
