Lig 1,Lig 2,Exp. ddG (kcal/mol),Bennett ddG (kcal/mol),Bennett std. error (kcal/mol),CCC ddG (kcal/mol),CCC std. error (kcal/mol)
22,29,-0.5800008773803711,-0.5109996795654297,0.16671758186382668,-0.699999988079071,0.46000000834465027
22,27,1.3199996948242188,0.8462009429931641,0.054811632687198686,1.1200000047683716,0.46000000834465027
22,31,-0.5800008773803711,-0.8110008239746094,0.1549691968242577,-0.8999999761581421,0.36000001430511475
31,29,0.0,0.009640216827392578,0.05082772334486631,0.20000000298023224,0.46000000834465027
31,27,1.9000005722045898,2.284198760986328,0.12052370890058564,2.009999990463257,0.46000000834465027
