Lig 1,Lig 2,Exp. ddG (kcal/mol),Bennett ddG (kcal/mol),Bennett std. error (kcal/mol),CCC ddG (kcal/mol),CCC std. error (kcal/mol)
Edoxaban,4c,0.8000001907348633,-0.3473997116088867,0.1247549799493457,-0.5699999928474426,0.38999998569488525
Edoxaban,4d,0.869999885559082,-1.021799087524414,0.09871148524715356,-0.800000011920929,0.38999998569488525
4d,4c,-0.06999969482421875,-0.00074005126953125,0.028861810253457222,0.2199999988079071,0.38999998569488525
