Lig 1,Lig 2,Exp. ddG (kcal/mol),Bennett ddG (kcal/mol),Bennett std. error (kcal/mol),CCC ddG (kcal/mol),CCC std. error (kcal/mol)
1,2,0.619999885559082,1.255079746246338,0.05035457265890174,1.2599999904632568,0.05000000074505806
