Ligand 1,Ligand 2,ddG (kcal/mol)
11,61a,-3.8000001907348633
25e,61a,-0.6999998092651367
25e,11,3.1000003814697266
