Ligand 1,Ligand 2,ddG (kcal/mol)
31,7,0.6399999999999997
31,6,0.5199999999999996
7,6,-0.1200000000000001
