Ligand 1,Ligand 2,ddG (kcal/mol)
17,1,0.016000000000000014
17,20,0.5079999999999991
17,19,1.1679999999999993
17,21,0.5739999999999998
1,20,0.4919999999999991
1,19,1.1519999999999992
21,20,-0.06600000000000072
21,19,0.5939999999999994
