Ligand 1,Ligand 2,ddG (kcal/mol)
3a,2d,-2.3100000000000005
3a,2e,-2.969999999999999
3a,3b,-0.5299999999999994
2d,2e,-0.6599999999999984
2d,3b,1.7800000000000011
2e,3b,2.4399999999999995
