Ligand 1,Ligand 2,ddG (kcal/mol)
Edoxaban,4c,0.8000000000000007
Edoxaban,4d,0.8699999999999992
4d,4c,-0.06999999999999851
