Ligand 1,Ligand 2,ddG (kcal/mol)
spiro16,spiro5,0.4200000762939453
spiro15,spiro16,0.869999885559082
spiro5,spiro2,0.7300000190734863
spiro10,spiro5,0.7399997711181641
spiro3,spiro2,1.9499993324279785
spiro4,spiro2,0.5899996757507324
spiro1,spiro2,0.48999977111816406
spiro6,spiro10,1.0299997329711914
spiro3,spiro6,-0.5500001907348633
spiro15,spiro6,-0.4799995422363281
spiro4,spiro1,0.09999990463256836
spiro15,spiro1,1.5300002098083496
