Ligand 1,Ligand 2,ddG (kcal/mol)
19967,17353_cys,-0.557927131652832
19967,19971,0.19405841827392578
17353_cys,19971,0.7519855499267578
