Ligand 1,Ligand 2,ddG (kcal/mol)
20315,19939_cys,-0.6489887237548828
20315,19940,-1.2979774475097656
19939_cys,19940,-0.6489887237548828
