Ligand 1,Ligand 2,ddG (kcal/mol)
13,23708_cys,-3.2699995040893555
23708_cys,15,2.179999351501465
13,15,-1.0900001525878906
