Ligand 1,Ligand 2,ddG (kcal/mol)
23882,23703_cys,-0.21070098876953125
23882,23864,-0.541285514831543
23882,23863,-0.30176258087158203
23703_cys,23864,-0.3305845260620117
23703_cys,23863,-0.09106159210205078
23864,23863,0.23952293395996094
