Ligand 1,Ligand 2,ddG (kcal/mol)
19997,19934_cys,0.04728412628173828
19997,19998,1.8304462432861328
19998,19934_cys,-1.7831621170043945
