Ligand 1,Ligand 2,ddG (kcal/mol)
4,1,-1.4000000059604645
4,2,-0.5999999940395355
4,3,-1.2999999821186066
1,9S,2.799999952316284
1,8,0.40000003576278687
1,6,-0.7999999523162842
3,10,0.5999999940395355
3,9R,1.5999999642372131
7,9S,0.8999999165534973
7,5,0.0
9R,2,-0.8999999761581421
5,6,-2.699999988079071
10,8,-0.29999998211860657
