Ligand 1,Ligand 2,ddG (kcal/mol)
22,16,-1.5999999940395355
22,23,0.10000002384185791
16,20,-0.5999999940395355
11,13,0.0
11,21,2.700000047683716
21,23,-0.10000002384185791
21,20,-2.400000035762787
24,20,-4.100000083446503
24,13,-4.400000095367432
12,15,-0.19999998807907104
12,13,-0.699999988079071
12,14,-0.4999999403953552
20,19,-0.19999998807907104
20,14,-0.09999996423721313
19,13,-0.10000002384185791
13,23,2.600000023841858
15,14,-0.2999999523162842
