Ligand 1,Ligand 2,ddG (kcal/mol)
20814_6,20539_10,-0.6500005722045898
20814_6,20819_8,-0.6500005722045898
20814_6,20820_11,-0.3000001907348633
20539_10,20820_11,0.35000038146972656
20539_10,20819_8,0.0
20820_11,20819_8,-0.35000038146972656
