Ligand 1,Ligand 2,ddG (kcal/mol)
21083,21085,-1.522730827331543
21083,21086,-4.760336875915527
21083,21087,-5.301621437072754
21083,21084,-0.9387235641479492
21084,20524_2j95_cys,-3.953432083129883
21084,21085,-0.5840072631835938
21084,21086,-3.821613311767578
21085,20524_2j95_cys,-3.369424819946289
21085,21086,-3.2376060485839844
21085,21087,-3.778890609741211
21086,20524_2j95_cys,-0.1318187713623047
21086,21087,-0.5412845611572266
20524_2j95_cys,21087,-0.4094657897949219
