Ligand 1,Ligand 2,ddG (kcal/mol)
22256_26_0_ligand,22252_22_0_ligand,-3.0500001907348633
22256_26_0_ligand,22253_23_0_ligand,-1.7899999618530273
22250_20_0_ligand,19677_19_0_ligand,-1.7200002670288086
22250_20_0_ligand,22251_21_0_ligand,-1.3000001907348633
22250_20_0_ligand,22252_22_0_ligand,-1.9000005722045898
22251_21_0_ligand,22253_23_0_ligand,0.6599998474121094
19677_19_0_ligand,22253_23_0_ligand,1.0799999237060547
22254_24_0_ligand,22252_22_0_ligand,-0.5399999618530273
22254_24_0_ligand,22253_23_0_ligand,0.7200002670288086
