Ligand 1,Ligand 2,ddG (kcal/mol)
22316,22319,1.0361604690551758
22316,19678_cys,-0.7310047149658203
22316,22320,0.3737668991088867
22320,22319,0.6623935699462891
22320,19678_cys,-1.104771614074707
22319,19678_cys,-1.767165184020996
