Lig 1,Lig 2,Exp. ddG (kcal/mol),Bennett ddG (kcal/mol),Bennett std. error (kcal/mol),CCC ddG (kcal/mol),CCC std. error (kcal/mol)
18,14,0.23999977111816406,0.5927000045776367,0.06066955622330692,0.5899999737739563,0.07000000029802322
18,19,-1.3000001907348633,0.6049599647521973,0.12136434114968726,0.5600000023841858,0.11999999731779099
18,15,-0.9200000762939453,0.9246096611022949,0.03541231957644027,0.9700000286102295,0.10000000149011612
17,16,1.8000001907348633,2.158420115709305,0.0952050476866969,2.109999895095825,0.10000000149011612
17,15,0.039999961853027344,-0.5060000419616699,0.08021991922339466,-0.5,0.07999999821186066
17,19,-0.3400001525878906,-0.9450197219848633,0.09902819681193438,-0.8999999761581421,0.10000000149011612
16,15,-1.760000228881836,-2.5597901344299316,0.04723019165464908,-2.609999895095825,0.10000000149011612
15,14,1.1599998474121094,-0.38025999069213867,0.06867616964076748,-0.3799999952316284,0.07000000029802322
