Lig 1,Lig 2,Exp. ddG (kcal/mol),Bennett ddG (kcal/mol),Bennett std. error (kcal/mol),CCC ddG (kcal/mol),CCC std. error (kcal/mol)
3,10,0.0,-0.9009799957275391,0.03579013681085677,-0.9800000190734863,0.15000000596046448
9,10,-0.9500002861022949,-1.302229881286621,0.027472138821122725,-1.2200000286102295,0.15000000596046448
11,3,-0.1900005340576172,0.350799560546875,0.1995403608236324,0.27000001072883606,0.20000000298023224
9,12,-1.2300000190734863,-0.402099609375,0.17565049610626265,-0.41999998688697815,0.18000000715255737
9,2,0.43000030517578125,0.9094095230102539,0.03251594959048171,0.8399999737739563,0.09000000357627869
12,8,0.5600004196166992,0.7278995513916016,0.07330824481799803,0.7900000214576721,0.09000000357627869
2,8,-1.0999999046325684,-0.403900146484375,0.1459106734882478,-0.4699999988079071,0.15000000596046448
11,12,-0.4700002670288086,0.015939712524414062,0.0451860754967321,0.10000000149011612,0.15000000596046448
