Ligand 1,Ligand 2,ddG (kcal/mol)
4,1_1W7H,1.4600000381469727
4,5_1WBW,-0.5399999618530273
4,7,-0.9000000953674316
4,3,1.309999942779541
4,6,0.3600001335144043
5_1WBW,1_1W7H,2.0
3,1_1W7H,0.15000009536743164
7,6,1.260000228881836
3,6,-0.9499998092651367
5_1WBW,7,-0.3600001335144043
