Ligand 1,Ligand 2,ddG (kcal/mol)
IBT,PT,0.8900003433227539
IBT,SBT_S,0.6700000762939453
MT,IPT,-2.2100000381469727
PT,MT,2.559999942779541
PT,IPT,0.34999990463256836
ET,PT,-1.239999771118164
PT,SBT_R,-0.2200002670288086
PT,SBT_S,-0.2200002670288086
SBT_S,SBT_R,0.0
ET,IPT,-0.8899998664855957
