Ligand 1,Ligand 2,ddG (kcal/mol)
3,12,-3.0199999809265137
12,13,-1.619999885559082
9,11,-2.6999998092651367
9,10,-0.15999984741210938
9,3,0.34999990463256836
5,10,-1.739999771118164
5,8,-1.0299997329711914
3,5,1.2300000190734863
7,5,0.4499998092651367
7,6,-0.05000019073486328
4,6,1.1999998092651367
11,13,-1.5900001525878906
4,8,0.6700000762939453
3,7,0.7800002098083496
