Ligand 1,Ligand 2,ddG (kcal/mol)
2,8,-1.0399999618530273
5,2,0.7100000381469727
3,7,0.5099997520446777
3,5,0.34999990463256836
4,5,-0.23000001907348633
4,14,0.19999980926513672
5,14,0.42999982833862305
5,10,1.0
7,13 flipped,0.6700000762939453
11,8,-0.8199996948242188
13 flipped,8,-1.1599998474121094
9,10,0.440000057220459
9,15,0.1700000762939453
11,10,0.5100002288818359
15,14,-0.3000001907348633
13 flipped,15,-0.09999990463256836
