Ligand 1,Ligand 2,ddG (kcal/mol)
18,14,0.23999977111816406
18,19,-1.3000001907348633
18,15,-0.9200000762939453
17,16,1.8000001907348633
17,15,0.039999961853027344
17,19,-0.3400001525878906
16,15,-1.760000228881836
15,14,1.1599998474121094
