Ligand 1,Ligand 2,ddG (kcal/mol)
3,10,0.0
9,10,-0.9500002861022949
11,3,-0.1900005340576172
9,12,-1.2300000190734863
9,2,0.43000030517578125
12,8,0.5600004196166992
2,8,-1.0999999046325684
11,12,-0.4700002670288086
