Ligand 1,Ligand 2,ddG (kcal/mol)
22,13_3E64,0.41067981719970703
21,13_3E64,-1.3566017150878906
12,13_3E64,-2.26210355758667
13_3E64,15,2.317814350128174
22 flip,13_3E64,0.41067981719970703
22,21,1.7672815322875977
22,18,1.7824735641479492
22,14,2.317814826965332
22,22 flip,0.0
21,20,0.2726707458496094
21,18,0.015192031860351562
20,14,0.277862548828125
12,14,-0.3549685478210449
15,14,-0.41067934036254883
12,15,0.055710792541503906
