Ligand 1,Ligand 2,ddG (kcal/mol)
2_3E63,8,-0.8675494194030762
2_3E63,5,0.11720895767211914
2_3E63,10,0.7630343437194824
2_3E63,4a,1.0427799224853516
9,5,0.5740795135498047
9,3,3.128264904022217
10,8,-1.6305837631225586
3,10,-1.9083600044250488
7,10,1.7166023254394531
4b,4a,0.0
4a,7,-1.9963479042053223
4b,1_3E62,0.8775386810302734
6,1_3E62,0.2119455337524414
7,6,2.6619410514831543
3,3 alternative,0.0
1_3E62,3 alternative,0.7510757446289062
