Lig 1,Lig 2,Exp. ddG (kcal/mol),Bennett ddG (kcal/mol),Bennett std. error (kcal/mol),CCC ddG (kcal/mol),CCC std. error (kcal/mol)
39neu,34,-1.510000228881836,-1.0538005828857422,0.0971092143017078,-0.8700000047683716,0.3700000047683716
39neu,25,-1.4600000381469727,-0.5245990753173828,0.08326963323273344,-0.4099999964237213,0.3499999940395355
39neu,39charg,0.0,1.4326019287109375,0.09908092255346129,1.1299999952316284,0.3700000047683716
39charg,34,-1.510000228881836,-1.89849853515625,0.09867666378722292,-2.009999990463257,0.3400000035762787
39charg,25,-1.4600000381469727,-1.3488006591796875,0.0926920199175852,-1.5399999618530273,0.3700000047683716
34,25,0.05000019073486328,0.3901395797729492,0.07303838083945324,0.46000000834465027,0.3700000047683716
