Lig 1,Lig 2,Exp. ddG (kcal/mol),Bennett ddG (kcal/mol),Bennett std. error (kcal/mol),CCC ddG (kcal/mol),CCC std. error (kcal/mol)
9,18,-1.25,-1.387899398803711,0.15198898985781034,-1.5099999904632568,0.25
9,4neu,-0.6000003814697266,0.2905998229980469,0.19555065058487475,0.4099999964237213,0.25
9,4charg,-0.6000003814697266,-0.41510009765625,0.07521291320320983,-0.4099999964237213,0.20999999344348907
17charg,8,-0.07000064849853516,-0.9043998718261719,0.08145528679790211,-1.0199999809265137,0.25
17charg,17neu,0.0,-0.9092979431152344,0.07087841750238855,-0.8299999833106995,0.20999999344348907
17charg,18,0.46000003814697266,-0.18389892578125,0.08318933727394787,-0.15000000596046448,0.25
17neu,18,0.46000003814697266,0.590301513671875,0.06476374135912931,0.6700000166893005,0.20999999344348907
4charg,8,-1.1800003051757812,-2.0792198181152344,0.07561156163352224,-1.9600000381469727,0.25
4charg,4neu,0.0,0.9375,0.3012500134530148,0.8199999928474426,0.30000001192092896
