Lig 1,Lig 2,Exp. ddG (kcal/mol),Bennett ddG (kcal/mol),Bennett std. error (kcal/mol),CCC ddG (kcal/mol),CCC std. error (kcal/mol)
47charg,47neu,0.0,-2.5847015380859375,0.16820252331063107,-2.680000066757202,0.5799999833106995
47charg,33,0.5100002288818359,-0.6103992462158203,0.12434717637952795,-0.7699999809265137,0.6299999952316284
47charg,19charg,3.010000228881836,3.7029991149902344,0.18005401537293028,3.9600000381469727,0.6299999952316284
19charg,20,-0.9000005722045898,-3.172100067138672,0.2586876111573175,-2.5899999141693115,0.7099999785423279
19charg,19neu,0.0,-4.113899230957031,0.28797610395315515,-4.440000057220459,0.7099999785423279
19neu,20,-0.9000005722045898,2.178400993347168,0.2642462378930411,1.850000023841858,0.7099999785423279
20,33,-1.5999994277954102,-2.402801513671875,0.15902838322778337,-2.140000104904175,0.6299999952316284
47neu,33,0.5100002288818359,2.0080013275146484,0.15642139758087947,1.909999966621399,0.5799999833106995
