Lig 1,Lig 2,Exp. ddG (kcal/mol),Bennett ddG (kcal/mol),Bennett std. error (kcal/mol),CCC ddG (kcal/mol),CCC std. error (kcal/mol)
17,1neu,-1.2999992370605469,-0.16899871826171875,0.06689146577143362,-0.10000000149011612,0.25999999046325684
17,18,-1.5,0.3934001922607422,0.0659324594890137,0.3100000023841858,0.25999999046325684
17,1charg,-1.2999992370605469,-0.004199981689453125,0.07973906815822487,-0.09000000357627869,0.30000001192092896
17,19,-1.7999992370605469,-0.8298006057739258,0.11572778049011134,-0.7300000190734863,0.30000001192092896
1neu,1charg,0.0,-0.212493896484375,0.06886407474260352,0.019999999552965164,0.3199999928474426
1neu,18,-0.20000076293945312,0.58099365234375,0.07112427509465002,0.4099999964237213,0.3199999928474426
1charg,18,-0.20000076293945312,0.2469940185546875,0.061657297754466975,0.4000000059604645,0.3199999928474426
18,19,-0.2999992370605469,-0.9371004104614258,0.12186611793804325,-1.0399999618530273,0.30000001192092896
