Lig 1,Lig 2,Exp. ddG (kcal/mol),Bennett ddG (kcal/mol),Bennett std. error (kcal/mol),CCC ddG (kcal/mol),CCC std. error (kcal/mol)
6a,19a_neu,1.549999713897705,0.7791996002197266,0.07059646154006106,0.8899999856948853,0.8100000023841858
6a,19b_charg,1.109999656677246,1.376007080078125,0.10586743137692874,1.0099999904632568,0.949999988079071
6a,19b_neu,1.109999656677246,-0.19300079345703125,0.12111859910929292,-0.4300000071525574,0.9599999785423279
6a,19a_charg,1.549999713897705,2.4682998657226562,0.10367489555480484,2.9600000381469727,0.9599999785423279
19a_neu,19b_neu,-0.440000057220459,-1.13470458984375,0.12414070668721594,-1.309999942779541,0.8299999833106995
19a_neu,19a_charg,0.0,1.7919998168945312,0.07325643172765028,2.0799999237060547,0.8299999833106995
19b_neu,19b_charg,0.0,1.8444976806640625,0.1538661954337261,1.4299999475479126,0.9599999785423279
19b_charg,19a_charg,0.440000057220459,2.7401962280273438,0.13268401841606076,1.9600000381469727,0.9599999785423279
