Lig 1,Lig 2,Exp. ddG (kcal/mol),Bennett ddG (kcal/mol),Bennett std. error (kcal/mol),CCC ddG (kcal/mol),CCC std. error (kcal/mol)
26charg,32,-4.089999675750732,-2.0774993896484375,0.13945505730358795,-1.8600000143051147,0.4099999964237213
26charg,27,-1.7899994850158691,-1.3575019836425781,0.10957570355699466,-1.4900000095367432,0.4099999964237213
26charg,26neu,0.0,-1.0655021667480469,0.13877222203459177,-1.1399999856948853,0.33000001311302185
26neu,32,-4.089999675750732,-0.4441699981689453,0.12911476557348817,-0.7200000286102295,0.4099999964237213
26neu,27,-1.7899994850158691,-0.5502599477767944,0.24038994924146176,-0.3499999940395355,0.4099999964237213
27,32,-2.3000001907348633,-0.43612003326416016,0.13025684321427586,-0.3700000047683716,0.3100000023841858
