Lig 1,Lig 2,Exp. ddG (kcal/mol),Bennett ddG (kcal/mol),Bennett std. error (kcal/mol),CCC ddG (kcal/mol),CCC std. error (kcal/mol)
11,3,0.18000030517578125,0.11839008331298828,0.10523324103368437,-0.3700000047683716,0.8600000143051147
11,10,-1.8299999237060547,-1.6184005737304688,0.14576556732899532,-1.2200000286102295,0.8600000143051147
11,jmb2009-4,-5.689999580383301,-8.176704406738281,0.13416681383910947,-8.09000015258789,0.6299999952316284
1,10,-0.869999885559082,0.06855964660644531,0.12921889803793793,-0.009999999776482582,0.75
1,jmb2009-4,-4.729999542236328,-6.7570037841796875,0.13748609675008155,-6.880000114440918,0.6299999952316284
1,2,0.6600003242492676,-0.17096996307373047,0.09804117709938649,0.029999999329447746,0.75
3,2,-0.48000001907348633,-0.3015022277832031,0.12404348825995257,-0.8199999928474426,0.8600000143051147
3,jmb2009-4,-5.869999885559082,-7.745994567871094,0.12004349955565463,-7.71999979019165,0.5199999809265137
10,2,1.5300002098083496,-0.2820601463317871,0.14927469677350974,0.03999999910593033,0.8600000143051147
