Ligand name,Exp. dG (kcal/mol),Pred. dG (kcal/mol),Pred. dG std. error (kcal/mol)
ligand25_S,-7.53000020980835,-7.840000152587891,0.28999999165534973
ligand24_S,-5.440000057220459,-5.130000114440918,0.28999999165534973
