Ligand name,Exp. dG (kcal/mol),Pred. dG (kcal/mol),Pred. dG std. error (kcal/mol)
ligand_5,-11.180000305175781,-11.34000015258789,0.20000000298023224
ligand_7,-10.270000457763672,-11.199999809265137,0.20999999344348907
ligand_4,-10.880000114440918,-9.729999542236328,0.20999999344348907
ligand_6,-11.09000015258789,-11.149999618530273,0.20000000298023224
