Ligand name,Exp. dG (kcal/mol),Pred. dG (kcal/mol),Pred. dG std. error (kcal/mol)
ligand_20_S,-10.210000038146973,-10.949999809265137,0.6200000047683716
ligand_21,-10.569999694824219,-10.739999771118164,0.7599999904632568
ligand_18,-10.819999694824219,-10.829999923706055,0.6700000166893005
ligand_17_enu,-9.819999694824219,-8.829999923706055,0.8600000143051147
ligand_19,-11.289999961853027,-11.369999885559082,0.6899999976158142
