Ligand name,Exp. dG (kcal/mol),Pred. dG (kcal/mol),Pred. dG std. error (kcal/mol)
lignad_63,-9.319999694824219,-9.199999809265137,0.36000001430511475
ligand_69,-13.140000343322754,-12.789999961853027,0.36000001430511475
ligand_62,-6.670000076293945,-5.929999828338623,0.5699999928474426
lignad_65,-9.279999732971191,-9.289999961853027,0.36000001430511475
lignad_68,-8.449999809265137,-8.949999809265137,0.36000001430511475
ligand_64,-8.890000343322754,-8.850000381469727,0.5699999928474426
ligand_70,-12.739999771118164,-13.479999542236328,0.36000001430511475
