Ligand name,Exp. dG (kcal/mol),Pred. dG (kcal/mol),Pred. dG std. error (kcal/mol)
ligand_15,-10.359999656677246,-10.989999771118164,0.30000001192092896
ligand_14,-13.039999961853027,-12.40999984741211,0.30000001192092896
