Ligand name,Exp. dG (kcal/mol),Pred. dG (kcal/mol),Pred. dG std. error (kcal/mol)
5AN26_ligand,-7.570000171661377,-7.139999866485596,0.3400000035762787
5ANT_A_ligand,-8.550000190734863,-8.430000305175781,0.3400000035762787
5ANU_ligand,-12.960000038146973,-13.5,0.3400000035762787
