Ligand name,Exp. dG (kcal/mol),Pred. dG (kcal/mol),Pred. dG std. error (kcal/mol)
4,-8.930000305175781,-8.800000190734863,0.20000000298023224
1,-12.720000267028809,-13.100000381469727,0.20999999344348907
3,-8.079999923706055,-7.949999809265137,0.20000000298023224
2,-10.739999771118164,-10.619999885559082,0.20000000298023224
