Ligand name,Exp. dG (kcal/mol),Pred. dG (kcal/mol),Pred. dG std. error (kcal/mol)
3d,-9.193268775939941,-9.1899995803833,0.3100000023841858
8d,-10.628399848937988,-10.970000267028809,0.3199999928474426
2d,-13.481749534606934,-13.5,0.3199999928474426
4d,-15.343400001525879,-13.619999885559082,0.28999999165534973
5d,-13.253490447998047,-14.680000305175781,0.30000001192092896
6d,-9.405847549438477,-10.949999809265137,0.3100000023841858
7d,-15.251520156860352,-13.65999984741211,0.28999999165534973
