Ligand name,Exp. dG (kcal/mol),Pred. dG (kcal/mol),Pred. dG std. error (kcal/mol)
cmpd 5 (1-Butenyl),-10.0,-9.59000015258789,0.1599999964237213
cmpd 2 (methyl),-9.859999656677246,-9.449999809265137,0.15000000596046448
cmpd 3 (Allyl),-8.34000015258789,-8.670000076293945,0.1599999964237213
cmpd 9 (methoxyethyl),-7.690000057220459,-7.610000133514404,0.1599999964237213
cmpd 6 (ethyl),-8.529999732971191,-8.819999694824219,0.1599999964237213
cmpd 8 (n-Butyl),-8.279999732971191,-8.680000305175781,0.1599999964237213
cmpd 7 (n-propyl),-8.119999885559082,-8.369999885559082,0.1599999964237213
cmpd 4 (Crotyl),-8.710000038146973,-8.329999923706055,0.1599999964237213
