Ligand name,Exp. dG (kcal/mol),Pred. dG (kcal/mol),Pred. dG std. error (kcal/mol)
"10302 (1GJ7, no water pose)",-10.822356224060059,-11.039999961853027,0.20999999344348907
11417 (no water pose),-10.5656099319458,-10.050000190734863,0.20999999344348907
7806 (no water pose),-8.651498794555664,-8.960000038146973,0.20999999344348907
8696 (no water pose),-9.802173614501953,-9.789999961853027,0.20999999344348907
