Lig 1,Lig 2,Exp. ddG (kcal/mol),Bennett ddG (kcal/mol),Bennett std. error (kcal/mol),CCC ddG (kcal/mol),CCC std. error (kcal/mol)
17374_cys,17509,1.116133689880371,1.0082902908325195,0.05059189715002773,1.0099999904632568,0.05000000074505806
