Lig 1,Lig 2,Exp. ddG (kcal/mol),Bennett ddG (kcal/mol),Bennett std. error (kcal/mol),CCC ddG (kcal/mol),CCC std. error (kcal/mol)
20315,19939_cys,-0.6489887237548828,-1.8840999603271484,0.018135961216956528,-1.8600000143051147,0.029999999329447746
20315,19940,-1.2979774475097656,-2.5464000701904297,0.0732594601303618,-2.569999933242798,0.07000000029802322
19939_cys,19940,-0.6489887237548828,-0.7219649851322174,0.034635008481075084,-0.699999988079071,0.029999999329447746
