Lig 1,Lig 2,Exp. ddG (kcal/mol),Bennett ddG (kcal/mol),Bennett std. error (kcal/mol),CCC ddG (kcal/mol),CCC std. error (kcal/mol)
23704_cys,23873,0.46576976776123047,-0.19919967651367188,0.08359412494841431,-0.20000000298023224,0.07999999821186066
