Lig 1,Lig 2,Exp. ddG (kcal/mol),Bennett ddG (kcal/mol),Bennett std. error (kcal/mol),CCC ddG (kcal/mol),CCC std. error (kcal/mol)
19997,19934_cys,0.04728412628173828,-0.2009599208831787,0.06201340878772462,-0.17000000178813934,0.05999999865889549
19997,19998,1.8304462432861328,0.16164016723632812,0.07721874039907609,0.12999999523162842,0.07999999821186066
19998,19934_cys,-1.7831621170043945,-0.2618699073791504,0.07728085496492867,-0.30000001192092896,0.07999999821186066
