Lig 1,Lig 2,Exp. ddG (kcal/mol),Bennett ddG (kcal/mol),Bennett std. error (kcal/mol),CCC ddG (kcal/mol),CCC std. error (kcal/mol)
19967,17353_cys,-0.557927131652832,0.2111198902130127,0.03346749420649617,0.25999999046325684,0.07999999821186066
19967,19971,0.19405841827392578,2.747208923101425,0.05911683284611446,2.700000047683716,0.07999999821186066
17353_cys,19971,0.7519855499267578,2.3992849588394165,0.07132892917177319,2.440000057220459,0.07999999821186066
