Lig 1,Lig 2,Exp. ddG (kcal/mol),Bennett ddG (kcal/mol),Bennett std. error (kcal/mol),CCC ddG (kcal/mol),CCC std. error (kcal/mol)
23882,23703_cys,-0.21070098876953125,-0.7287998199462891,0.0900244413090455,-0.8199999928474426,0.15000000596046448
23882,23864,-0.541285514831543,-1.440999984741211,0.07108355060827366,-1.4299999475479126,0.09000000357627869
23882,23863,-0.30176258087158203,-1.185800552368164,0.08159984976100733,-1.100000023841858,0.15000000596046448
23703_cys,23864,-0.3305845260620117,-0.6067895889282227,0.036465096574708096,-0.6100000143051147,0.09000000357627869
23703_cys,23863,-0.09106159210205078,-0.198930025100708,0.04151183366757732,-0.2800000011920929,0.15000000596046448
23864,23863,0.23952293395996094,0.3299098014831543,0.03705974467058171,0.33000001311302185,0.09000000357627869
