Lig 1,Lig 2,Exp. ddG (kcal/mol),Bennett ddG (kcal/mol),Bennett std. error (kcal/mol),CCC ddG (kcal/mol),CCC std. error (kcal/mol)
13,23708_cys,-3.2699995040893555,-4.431300163269043,0.21315943426189213,-4.099999904632568,0.5799999833106995
23708_cys,15,2.179999351501465,3.6249008178710938,0.17846034156854035,3.9600000381469727,0.5799999833106995
13,15,-1.0900001525878906,0.19770050048828125,0.1900991216393153,-0.14000000059604645,0.5799999833106995
