Lig 1,Lig 2,Exp. ddG (kcal/mol),Bennett ddG (kcal/mol),Bennett std. error (kcal/mol),CCC ddG (kcal/mol),CCC std. error (kcal/mol)
20705_cys,21331,0.1399993896484375,0.8119001388549805,0.046287940945803845,0.8100000023841858,0.05000000074505806
