Lig 1,Lig 2,Exp. ddG (kcal/mol),Bennett ddG (kcal/mol),Bennett std. error (kcal/mol),CCC ddG (kcal/mol),CCC std. error (kcal/mol)
20814_6,20539_10,-0.6500005722045898,0.31309986114501953,0.1637838669878579,0.20000000298023224,0.2800000011920929
20814_6,20819_8,-0.6500005722045898,0.11149978637695312,0.10205766781722649,0.05999999865889549,0.23999999463558197
20814_6,20820_11,-0.3000001907348633,-0.5668983459472656,0.11233459846331947,-0.4000000059604645,0.2800000011920929
20539_10,20820_11,0.35000038146972656,-0.4000988006591797,0.04424313298663328,-0.5899999737739563,0.2800000011920929
20539_10,20819_8,0.0,-0.2103099822998047,0.06229048712199402,-0.12999999523162842,0.23999999463558197
20820_11,20819_8,-0.35000038146972656,0.48459911346435547,0.057037542125938666,0.46000000834465027,0.17000000178813934
