Lig 1,Lig 2,Exp. ddG (kcal/mol),Bennett ddG (kcal/mol),Bennett std. error (kcal/mol),CCC ddG (kcal/mol),CCC std. error (kcal/mol)
22256_26_0_ligand,22252_22_0_ligand,-3.0500001907348633,-3.724900245666504,0.06596320749810484,-3.7799999713897705,0.1899999976158142
22256_26_0_ligand,22253_23_0_ligand,-1.7899999618530273,-2.766050338745117,0.06505483312798202,-2.7100000381469727,0.1899999976158142
22250_20_0_ligand,19677_19_0_ligand,-1.7200002670288086,-0.02854013442993164,0.04049480630519974,-0.14000000059604645,0.1899999976158142
22250_20_0_ligand,22251_21_0_ligand,-1.3000001907348633,-1.4152402877807617,0.03361374756653505,-1.3899999856948853,0.12999999523162842
22250_20_0_ligand,22252_22_0_ligand,-1.9000005722045898,-2.2748498916625977,0.07462376362499006,-2.190000057220459,0.1899999976158142
22251_21_0_ligand,22253_23_0_ligand,0.6599998474121094,0.25012993812561035,0.049491733201909464,0.27000001072883606,0.12999999523162842
19677_19_0_ligand,22253_23_0_ligand,1.0799999237060547,-0.8728199005126953,0.06156457562183908,-0.9800000190734863,0.1899999976158142
22254_24_0_ligand,22252_22_0_ligand,-0.5399999618530273,-1.3753302097320557,0.07815921621559013,-1.409999966621399,0.17000000178813934
22254_24_0_ligand,22253_23_0_ligand,0.7200002670288086,-0.3746795654296875,0.09137614604143444,-0.3400000035762787,0.17000000178813934
