Lig 1,Lig 2,Exp. ddG (kcal/mol),Bennett ddG (kcal/mol),Bennett std. error (kcal/mol),CCC ddG (kcal/mol),CCC std. error (kcal/mol)
22316,22319,1.0361604690551758,1.2684190273284912,0.10787463764232995,0.9800000190734863,0.47999998927116394
22316,19678_cys,-0.7310047149658203,-0.8158702850341797,0.09541954021871854,-0.8600000143051147,0.28999999165534973
22316,22320,0.3737668991088867,0.8313298225402832,0.10928824256737858,1.1699999570846558,0.47999998927116394
22320,22319,0.6623935699462891,-0.4021000862121582,0.1098771604279296,-0.1899999976158142,0.47999998927116394
22320,19678_cys,-1.104771614074707,-2.143050193786621,0.10606144222293173,-2.0299999713897705,0.4099999964237213
22319,19678_cys,-1.767165184020996,-1.7698700428009033,0.06684905238313761,-1.840000033378601,0.4099999964237213
