Ligand name,Exp. dG (kcal/mol),Pred. dG (kcal/mol),Pred. dG std. error (kcal/mol)
31,-8.350000381469727,-8.8100004196167,0.23000000417232513
7,-7.710000038146973,-7.190000057220459,0.23000000417232513
6,-7.829999923706055,-7.889999866485596,0.23000000417232513
