Ligand name,Exp. dG (kcal/mol),Pred. dG (kcal/mol),Pred. dG std. error (kcal/mol)
17,-9.715999603271484,-9.010000228881836,0.20000000298023224
1,-9.699999809265137,-9.920000076293945,0.20000000298023224
21,-9.142000198364258,-8.720000267028809,0.20000000298023224
20,-9.208000183105469,-9.699999809265137,0.20000000298023224
19,-8.54800033569336,-8.970000267028809,0.20000000298023224
