Ligand name,Exp. dG (kcal/mol),Pred. dG (kcal/mol),Pred. dG std. error (kcal/mol)
22,-9.6899995803833,-9.529999732971191,0.27000001072883606
31,-10.270000457763672,-10.430000305175781,0.27000001072883606
29,-10.270000457763672,-10.229999542236328,0.30000001192092896
27,-8.369999885559082,-8.40999984741211,0.30000001192092896
