Ligand name,Exp. dG (kcal/mol),Pred. dG (kcal/mol),Pred. dG std. error (kcal/mol)
Edoxaban,-12.59000015258789,-11.579999923706055,0.30000001192092896
4d,-11.720000267028809,-12.369999885559082,0.30000001192092896
4c,-11.789999961853027,-12.149999618530273,0.30000001192092896
