Ligand name,Exp. dG (kcal/mol),Pred. dG (kcal/mol),Pred. dG std. error (kcal/mol)
1,-10.460000038146973,-10.779999732971191,0.2800000011920929
2,-9.84000015258789,-9.520000457763672,0.2800000011920929
