Ligand 1,Ligand 2,ddG (kcal/mol)
39neu,34,-1.5100000000000016
39neu,25,-1.4600000000000009
39neu,39charg,0.0
39charg,34,-1.5100000000000016
39charg,25,-1.4600000000000009
34,25,0.05000000000000071
