Ligand 1,Ligand 2,ddG (kcal/mol)
9,18,-1.25
9,4neu,-0.5999999999999996
9,4charg,-0.5999999999999996
17charg,8,-0.07000000000000028
17charg,17neu,0.0
17charg,18,0.4599999999999991
17neu,18,0.4599999999999991
4charg,8,-1.1799999999999997
4charg,4neu,0.0
