Ligand 1,Ligand 2,ddG (kcal/mol)
28neu,28charg,0.0
28neu,21,0.8199999999999985
21,28charg,-0.8199999999999985
21,29charg,-0.5800000000000001
21,29neu,-0.5800000000000001
21,27neu,-0.05999999999999872
21,27charg,-0.05999999999999872
21,30neu,-1.3699999999999992
21,30charg,-1.3699999999999992
29charg,28charg,-0.23999999999999844
29charg,30charg,-0.7899999999999991
29charg,29neu,0.0
30charg,27charg,1.3100000000000005
30charg,30neu,0.0
28charg,27charg,0.7599999999999998
27charg,27neu,0.0
