Ligand 1,Ligand 2,ddG (kcal/mol)
47charg,47neu,0.0
47charg,33,0.5099999999999998
47charg,19charg,3.01
19charg,20,-0.9000000000000004
19charg,19neu,0.0
19neu,20,-0.9000000000000004
20,33,-1.5999999999999996
47neu,33,0.5099999999999998
