Ligand 1,Ligand 2,ddG (kcal/mol)
28neu,29,0.7899999999999991
28neu,27,0.7899999999999991
28neu,28charg,0.0
28neu,19neu,-1.0999999999999996
19charg,29,1.8899999999999988
19charg,27,1.8899999999999988
19charg,28charg,1.0999999999999996
19charg,19neu,0.0
29,28charg,-0.7899999999999991
29,27,0.0
29,19neu,-1.8899999999999988
19neu,27,1.8899999999999988
28charg,27,0.7899999999999991
