Ligand 1,Ligand 2,ddG (kcal/mol)
17charg,14,0.0
17charg,5charg,0.5
17charg,17neu,0.0
17charg,18,-0.8100004196166992
17neu,14,0.0
17neu,18,-0.8100004196166992
5neu,14,-0.5
5neu,6,1.0999994277954102
5neu,5charg,0.0
18,14,0.8100004196166992
18,6,2.4099998474121094
6,14,-1.5999994277954102
6,5charg,-1.0999994277954102
5charg,14,-0.5
