Ligand 1,Ligand 2,ddG (kcal/mol)
17,1neu,-1.3000000000000007
17,18,-1.5
17,1charg,-1.3000000000000007
17,19,-1.8000000000000007
1neu,1charg,0.0
1neu,18,-0.1999999999999993
1charg,18,-0.1999999999999993
18,19,-0.3000000000000007
