Ligand 1,Ligand 2,ddG (kcal/mol)
17,16charg,0.33000000000000007
17,jmc_25,-0.5400000000000009
17,jmc_22,-0.4800000000000004
17,16neu,0.33000000000000007
18charg,16charg,0.7600000000000016
18charg,18neu,0.0
18charg,jmc_34,-1.7699999999999996
18neu,jmc_34,-1.7699999999999996
jmc_25,jmc_22,0.0600000000000005
jmc_25,jmc_34,-1.6600000000000001
16charg,16neu,0.0
