Ligand 1,Ligand 2,ddG (kcal/mol)
6a,19a_neu,1.5499999999999998
6a,19b_charg,1.1100000000000003
6a,19b_neu,1.1100000000000003
6a,19a_charg,1.5499999999999998
19a_neu,19b_neu,-0.4399999999999995
19a_neu,19a_charg,0.0
19b_neu,19b_charg,0.0
19b_charg,19a_charg,0.4399999999999995
