Ligand 1,Ligand 2,ddG (kcal/mol)
26charg,32,-4.089999999999999
26charg,27,-1.79
26charg,26neu,0.0
26neu,32,-4.089999999999999
26neu,27,-1.79
27,32,-2.299999999999999
