Ligand 1,Ligand 2,ddG (kcal/mol)
11,3,0.18000030517578125
11,10,-1.8299999237060547
11,jmb2009-4,-5.689999580383301
1,10,-0.869999885559082
1,jmb2009-4,-4.729999542236328
1,2,0.6600003242492676
3,2,-0.48000001907348633
3,jmb2009-4,-5.869999885559082
10,2,1.5300002098083496
