Ligand 1,Ligand 2,ddG (kcal/mol)
ejm_47,ejm_46,-1.6300000000000008
ejm_47,ejm_52neu,2.299999999999999
ejm_47,ejm_52charg,2.299999999999999
jmc_32charg,jmc_32neu,0.0
jmc_32charg,jmc_31,0.7400000000000002
jmc_32charg,ejm_46,0.2400000000000002
jmc_31,jmc_32neu,-0.7400000000000002
jmc_31,ejm_46,-0.5
jmc_32neu,ejm_46,0.2400000000000002
ejm_52neu,ejm_46,-3.9299999999999997
ejm_52neu,ejm_52charg,0.0
ejm_52charg,ejm_46,-3.9299999999999997
