Ligand name,Exp. dG (kcal/mol),Pred. dG (kcal/mol),Pred. dG std. error (kcal/mol)
IBT,-9.09000015258789,-8.890000343322754,0.15000000596046448
MT,-5.639999866485596,-5.510000228881836,0.1599999964237213
PT,-8.199999809265137,-7.960000038146973,0.15000000596046448
SBT_R,-8.420000076293945,-8.770000457763672,0.15000000596046448
SBT_S,-8.420000076293945,-9.140000343322754,0.15000000596046448
IPT,-7.849999904632568,-7.579999923706055,0.1599999964237213
ET,-6.960000038146973,-6.730000019073486,0.1599999964237213
