Ligand name,Exp. dG (kcal/mol),Pred. dG (kcal/mol),Pred. dG std. error (kcal/mol)
4,-5.400000095367432,-5.78000020980835,0.20999999344348907
1_1W7H,-3.940000057220459,-3.799999952316284,0.20999999344348907
6,-5.039999961853027,-5.510000228881836,0.23000000417232513
5_1WBW,-5.940000057220459,-5.989999771118164,0.23000000417232513
7,-6.300000190734863,-6.150000095367432,0.20999999344348907
3,-4.090000152587891,-3.4800000190734863,0.23000000417232513
