Ligand name,Exp. dG (kcal/mol),Pred. dG (kcal/mol),Pred. dG std. error (kcal/mol)
18,-8.960000038146973,-10.5,0.17000000178813934
17,-9.920000076293945,-9.039999961853027,0.17000000178813934
19,-10.260000228881836,-9.9399995803833,0.17000000178813934
15,-9.880000114440918,-9.539999961853027,0.17000000178813934
14,-8.720000267028809,-9.90999984741211,0.17000000178813934
16,-8.119999885559082,-6.929999828338623,0.17000000178813934
