Ligand name,Exp. dG (kcal/mol),Pred. dG (kcal/mol),Pred. dG std. error (kcal/mol)
10,-8.3100004196167,-9.0,0.17000000178813934
3,-8.3100004196167,-8.020000457763672,0.17000000178813934
9,-7.360000133514404,-7.78000020980835,0.1599999964237213
8,-8.029999732971191,-7.409999847412109,0.1599999964237213
11,-8.119999885559082,-8.300000190734863,0.17000000178813934
12,-8.59000015258789,-8.199999809265137,0.1599999964237213
2,-6.929999828338623,-6.940000057220459,0.1599999964237213
