Ligand name,Exp. dG (kcal/mol),Pred. dG (kcal/mol),Pred. dG std. error (kcal/mol)
13_3E64,-9.696937561035156,-8.529999732971191,0.30000001192092896
21,-8.340335845947266,-9.25,0.30000001192092896
20,-8.067665100097656,-9.680000305175781,0.3499999940395355
18,-8.325143814086914,-8.020000457763672,0.3100000023841858
14,-7.789802551269531,-7.800000190734863,0.2800000011920929
12,-7.434834003448486,-6.639999866485596,0.33000001311302185
15,-7.379123210906982,-7.510000228881836,0.3700000047683716
22 flip,-10.107617378234863,-9.710000038146973,0.2800000011920929
