Lig 1,Lig 2,Exp. ddG (kcal/mol),Bennett ddG (kcal/mol),Bennett std. error (kcal/mol),CCC ddG (kcal/mol),CCC std. error (kcal/mol)
ligand_5,ligand_6,0.09000015258789062,0.21979999542236328,0.05554624405256293,0.1899999976158142,0.05999999865889549
ligand_5,ligand_7,0.9099998474121094,0.09889984130859375,0.10737386439628602,0.12999999523162842,0.10999999940395355
ligand_5,ligand_4,0.3000001907348633,1.6079599857330322,0.09903660441192993,1.6100000143051147,0.10000000149011612
ligand_7,ligand_6,-0.8199996948242188,0.017892003059387207,0.08283811256447723,0.05000000074505806,0.07999999821186066
ligand_4,ligand_6,-0.21000003814697266,-1.423100471496582,0.1054474948098536,-1.4199999570846558,0.10999999940395355
