Lig 1,Lig 2,Exp. ddG (kcal/mol),Bennett ddG (kcal/mol),Bennett std. error (kcal/mol),CCC ddG (kcal/mol),CCC std. error (kcal/mol)
ligand_20_S,ligand_18,-0.6099996566772461,0.13339996337890625,0.12450491001283889,0.11999999731779099,1.25
ligand_20_S,ligand_19,-1.0799999237060547,-0.23775005340576172,0.26704584040536056,-0.4300000071525574,1.059999942779541
ligand_20_S,ligand_17_enu,0.3900003433227539,2.982799530029297,0.402419395841692,2.119999885559082,1.7400000095367432
ligand_20_S,ligand17_int,,1.0223007202148438,0.35494036974770304,1.2999999523162842,1.159999966621399
ligand_20_S,ligand_21,-0.3599996566772461,-0.5818004608154297,0.35119382877276706,0.20999999344348907,1.7400000095367432
ligand_21,ligand_18,-0.25,-0.10043001174926758,0.17583048548100075,-0.09000000357627869,1.25
ligand_21,ligand_19,-0.7200002670288086,-1.4101009368896484,0.10855784048465576,-0.6299999952316284,1.7400000095367432
ligand17_int,ligand_19,,-1.1464996337890625,0.4650435222042434,-1.7300000190734863,1.7400000095367432
ligand17_int,ligand_17_enu,,-0.05315995216369629,0.27999984898471814,0.8100000023841858,1.7400000095367432
