Lig 1,Lig 2,Exp. ddG (kcal/mol),Bennett ddG (kcal/mol),Bennett std. error (kcal/mol),CCC ddG (kcal/mol),CCC std. error (kcal/mol)
lignad_63,lignad_68,0.869999885559082,0.33880043029785156,0.13596446788378103,0.25,0.1599999964237213
lignad_63,ligand_62,2.6499996185302734,2.367300033569336,0.36644346562853963,3.2699999809265137,1.5700000524520874
lignad_63,ligand_64,0.42999935150146484,1.2605996131896973,0.34060697979256876,0.3499999940395355,1.5700000524520874
lignad_63,lignad_65,0.039999961853027344,-0.18140029907226562,0.07520520327414563,-0.09000000357627869,0.1599999964237213
ligand_69,ligand_70,0.40000057220458984,-0.6418991088867188,0.07283585703222657,-0.6899999976158142,0.07999999821186066
ligand_69,lignad_65,3.8600006103515625,3.4500999450683594,0.14586946759177122,3.5,0.15000000596046448
ligand_62,ligand_64,-2.2200002670288086,-3.8252902030944824,0.2595888617775531,-2.9200000762939453,1.5700000524520874
lignad_65,lignad_68,0.8299999237060547,0.24850988388061523,0.08866768232815245,0.3400000035762787,0.1599999964237213
lignad_65,ligand_70,-3.4600000381469727,-4.232997894287109,0.1666963543445502,-4.190000057220459,0.17000000178813934
