Lig 1,Lig 2,Exp. ddG (kcal/mol),Bennett ddG (kcal/mol),Bennett std. error (kcal/mol),CCC ddG (kcal/mol),CCC std. error (kcal/mol)
5AN26_ligand,5ANU_ligand,-5.389999866485596,-6.054298400878906,0.19635335631353404,-6.360000133514404,0.5400000214576721
5AN26_ligand,5ANT_A_ligand,-0.9800000190734863,-1.6012992858886719,0.19205131626384522,-1.2899999618530273,0.5400000214576721
5ANT_A_ligand,5ANU_ligand,-4.409999847412109,-5.379690170288086,0.09672549450023604,-5.070000171661377,0.5400000214576721
