Ligand 1,Ligand 2,ddG (kcal/mol)
ligand_5,ligand_6,0.08999999999999986
ligand_5,ligand_7,0.9100000000000001
ligand_5,ligand_4,0.29999999999999893
ligand_7,ligand_6,-0.8200000000000003
ligand_4,ligand_6,-0.20999999999999908
