Ligand 1,Ligand 2,ddG (kcal/mol)
lignad_63,lignad_68,0.870000000000001
lignad_63,ligand_62,2.6500000000000004
lignad_63,ligand_64,0.4299999999999997
lignad_63,lignad_65,0.040000000000000924
ligand_69,ligand_70,0.40000000000000036
ligand_69,lignad_65,3.860000000000001
ligand_62,ligand_64,-2.2200000000000006
lignad_65,lignad_68,0.8300000000000001
lignad_65,ligand_70,-3.460000000000001
