Lig 1,Lig 2,Exp. ddG (kcal/mol),Bennett ddG (kcal/mol),Bennett std. error (kcal/mol),CCC ddG (kcal/mol),CCC std. error (kcal/mol)
"lig 66, deprot","lig 2, deprot",-0.11999988555908203,-0.6854000091552734,0.12248239810576525,-0.6100000143051147,0.5799999833106995
"lig 68, deprot","lig 2, deprot",-0.3000001907348633,-0.6916007995605469,0.15134614177650443,-1.2300000190734863,0.9300000071525574
"lig 2, deprot",lig 51 stereo,1.010000228881836,1.1126022338867188,0.11970580418557578,0.6399999856948853,0.9300000071525574
"lig 68, deprot","lig 66, deprot",-0.18000030517578125,-1.0026493072509766,0.1445711836472914,-0.6200000047683716,0.9300000071525574
"lig 66, deprot",lig 49 stereo,0.6899995803833008,0.42546987533569336,0.06680847088482574,0.2800000011920929,0.7900000214576721
"lig 66, deprot",lig 51 stereo,0.8900003433227539,-0.4265003204345703,0.08269694489361865,0.029999999329447746,0.9300000071525574
"lig 68, deprot",lig 49 stereo,0.5099992752075195,-0.49994993209838867,0.06870010600131149,-0.3400000035762787,0.7900000214576721
lig 49 stereo,lig 51 stereo,0.20000076293945312,-0.26129913330078125,0.14444749901504375,-0.25,0.5899999737739563
