Lig 1,Lig 2,Exp. ddG (kcal/mol),Bennett ddG (kcal/mol),Bennett std. error (kcal/mol),CCC ddG (kcal/mol),CCC std. error (kcal/mol)
11,61a,-3.8000001907348633,-3.0349884033203125,0.12043449980365369,-3.25,0.3700000047683716
25e,61a,-0.6999998092651367,-1.763498306274414,0.07282594786014147,-1.5499999523162842,0.3700000047683716
25e,11,3.1000003814697266,1.9169921875,0.13526399694530514,1.7000000476837158,0.3700000047683716
