Ligand name,Exp. dG (kcal/mol),Pred. dG (kcal/mol),Pred. dG std. error (kcal/mol)
39neu,-8.369999885559082,-8.220000267028809,0.25999999046325684
39charg,-8.369999885559082,-8.229999542236328,0.25
34,-9.880000114440918,-10.229999542236328,0.25
25,-9.829999923706055,-9.770000457763672,0.25999999046325684
