Ligand name,Exp. dG (kcal/mol),Pred. dG (kcal/mol),Pred. dG std. error (kcal/mol)
9,-8.729999542236328,-8.539999961853027,0.18000000715255737
17charg,-10.4399995803833,-10.6899995803833,0.1899999976158142
17neu,-10.4399995803833,-10.699999809265137,0.1899999976158142
4charg,-9.329999923706055,-8.9399995803833,0.1899999976158142
4neu,-9.329999923706055,-8.9399995803833,0.20000000298023224
18,-9.979999542236328,-10.039999961853027,0.18000000715255737
8,-10.510000228881836,-10.90999984741211,0.1899999976158142
