Ligand name,Exp. dG (kcal/mol),Pred. dG (kcal/mol),Pred. dG std. error (kcal/mol)
28neu,-10.699999809265137,-11.199999809265137,0.18000000715255737
21,-9.880000114440918,-11.289999961853027,0.1599999964237213
29charg,-10.460000038146973,-9.079999923706055,0.17000000178813934
30charg,-11.25,-10.5600004196167,0.1599999964237213
30neu,-11.25,-10.5600004196167,0.1599999964237213
29neu,-10.460000038146973,-9.09000015258789,0.17000000178813934
28charg,-10.699999809265137,-11.210000038146973,0.17000000178813934
27charg,-9.9399995803833,-10.789999961853027,0.1599999964237213
27neu,-9.9399995803833,-10.800000190734863,0.18000000715255737
