Ligand name,Exp. dG (kcal/mol),Pred. dG (kcal/mol),Pred. dG std. error (kcal/mol)
47charg,-11.25,-11.15999984741211,0.3199999928474426
19charg,-8.239999771118164,-7.420000076293945,0.33000001311302185
19neu,-8.239999771118164,-7.420000076293945,0.3700000047683716
20,-9.140000343322754,-9.779999732971191,0.33000001311302185
47neu,-11.25,-11.149999618530273,0.3499999940395355
33,-10.739999771118164,-11.920000076293945,0.3199999928474426
