Ligand name,Exp. dG (kcal/mol),Pred. dG (kcal/mol),Pred. dG std. error (kcal/mol)
28neu,-9.5,-10.3100004196167,0.25999999046325684
19charg,-10.600000381469727,-9.5,0.27000001072883606
29,-8.710000038146973,-9.359999656677246,0.27000001072883606
19neu,-10.600000381469727,-9.5,0.30000001192092896
28charg,-9.5,-10.3100004196167,0.30000001192092896
27,-8.710000038146973,-8.640000343322754,0.25
