Ligand name,Exp. dG (kcal/mol),Pred. dG (kcal/mol),Pred. dG std. error (kcal/mol)
17charg,-10.109999656677246,-9.960000038146973,0.25999999046325684
17neu,-10.109999656677246,-9.949999809265137,0.25
5neu,-9.609999656677246,-10.319999694824219,0.30000001192092896
18,-10.920000076293945,-10.489999771118164,0.27000001072883606
6,-8.510000228881836,-7.099999904632568,0.27000001072883606
5charg,-9.609999656677246,-10.319999694824219,0.27000001072883606
14,-10.109999656677246,-10.84000015258789,0.23999999463558197
