Ligand name,Exp. dG (kcal/mol),Pred. dG (kcal/mol),Pred. dG std. error (kcal/mol)
17,-11.270000457763672,-12.329999923706055,0.20999999344348907
1neu,-12.569999694824219,-12.420000076293945,0.2199999988079071
1charg,-12.569999694824219,-12.420000076293945,0.23000000417232513
18,-12.770000457763672,-12.020000457763672,0.2199999988079071
19,-13.069999694824219,-13.0600004196167,0.23000000417232513
