Ligand name,Exp. dG (kcal/mol),Pred. dG (kcal/mol),Pred. dG std. error (kcal/mol)
17,-10.869999885559082,-10.84000015258789,0.4000000059604645
18charg,-11.300000190734863,-10.529999732971191,0.44999998807907104
18neu,-11.300000190734863,-10.529999732971191,0.5299999713897705
jmc_25,-11.40999984741211,-11.510000228881836,0.41999998688697815
jmc_34,-13.069999694824219,-13.25,0.44999998807907104
16charg,-10.539999961853027,-10.800000190734863,0.41999998688697815
16neu,-10.539999961853027,-10.800000190734863,0.41999998688697815
jmc_22,-11.350000381469727,-12.119999885559082,0.4699999988079071
