Ligand name,Exp. dG (kcal/mol),Pred. dG (kcal/mol),Pred. dG std. error (kcal/mol)
6a,-8.40999984741211,-8.899999618530273,0.4099999964237213
19a_neu,-6.860000133514404,-6.03000020980835,0.41999998688697815
19b_neu,-7.300000190734863,-7.889999866485596,0.4300000071525574
19b_charg,-7.300000190734863,-7.889999866485596,0.44999998807907104
19a_charg,-6.860000133514404,-6.03000020980835,0.4300000071525574
