Ligand name,Exp. dG (kcal/mol),Pred. dG (kcal/mol),Pred. dG std. error (kcal/mol)
26charg,-7.440000057220459,-8.079999923706055,0.25999999046325684
26neu,-7.440000057220459,-8.069999694824219,0.25999999046325684
27,-9.229999542236328,-9.5600004196167,0.25999999046325684
32,-11.529999732971191,-9.930000305175781,0.25999999046325684
