Ligand name,Exp. dG (kcal/mol),Pred. dG (kcal/mol),Pred. dG std. error (kcal/mol)
11,-5.840000152587891,-5.260000228881836,0.3700000047683716
1,-6.800000190734863,-6.46999979019165,0.33000001311302185
3,-5.659999847412109,-5.630000114440918,0.36000001430511475
jmb2009-4,-11.529999732971191,-13.350000381469727,0.33000001311302185
10,-7.670000076293945,-6.480000019073486,0.3799999952316284
2,-6.139999866485596,-6.449999809265137,0.3799999952316284
