Ligand name,Exp. dG (kcal/mol),Pred. dG (kcal/mol),Pred. dG std. error (kcal/mol)
ejm_47,-9.789999961853027,-10.199999809265137,0.25
jmc_32charg,-11.65999984741211,-10.300000190734863,0.33000001311302185
jmc_31,-10.920000076293945,-11.529999732971191,0.3100000023841858
jmc_32neu,-11.65999984741211,-11.399999618530273,0.33000001311302185
ejm_52neu,-7.489999771118164,-7.860000133514404,0.25
ejm_52charg,-7.489999771118164,-7.860000133514404,0.25
ejm_46,-11.420000076293945,-11.279999732971191,0.25
